<?xml version="1.0" encoding="UTF-8"?>
<metadata xml:lang="en"><Esri><CreaDate>20160418</CreaDate><CreaTime>20595800</CreaTime><ArcGISFormat>1.0</ArcGISFormat><SyncOnce>FALSE</SyncOnce><DataProperties><itemProps><itemLocation><linkage Sync="TRUE">file://\\BLUELINED-HIND\C$\Users\elawrey\Documents\2016\GIS\TS_eAtlas_Islands-reefs_2014_Incomplete\TS_Marine-features\published\TS_AIMS_NESP_Torres_Strait_Features_V1b_with_GBR_Features</linkage><protocol Sync="TRUE">Local Area Network</protocol></itemLocation><itemName Sync="TRUE">TS_AIMS_NESP_Torres_Strait_Features_V1b_with_GBR_Features</itemName><imsContentType Sync="TRUE">002</imsContentType><itemSize Sync="TRUE">0.000</itemSize></itemProps><copyHistory><copy source="C:\Users\elawrey\Documents\2016\GIS\TS_eAtlas_Islands-reefs_2014_Incomplete\TS_Marine-features\public\TS_AIMS_NESP_Torres_Strait_Features_V1b_with_GBR_Features" dest="\\BLUELINED-HIND\C$\Users\elawrey\Documents\2016\GIS\TS_eAtlas_Islands-reefs_2014_Incomplete\TS_Marine-features\published\TS_AIMS_NESP_Torres_Strait_Features_V1b_with_GBR_Features" date="20160418" time="20595800"></copy></copyHistory><coordRef><type Sync="TRUE">Geographic</type><geogcsn Sync="TRUE">GDA94</geogcsn><csUnits Sync="TRUE">Angular Unit: Degree (0.017453)</csUnits><peXml Sync="TRUE">&lt;GeographicCoordinateSystem xsi:type='typens:GeographicCoordinateSystem' xmlns:xsi='http://www.w3.org/2001/XMLSchema-instance' xmlns:xs='http://www.w3.org/2001/XMLSchema' xmlns:typens='http://www.esri.com/schemas/ArcGIS/10.1'&gt;&lt;WKT&gt;GEOGCS[&amp;quot;GDA94&amp;quot;,DATUM[&amp;quot;D_GDA_1994&amp;quot;,SPHEROID[&amp;quot;GRS_1980&amp;quot;,6378137.0,298.257222101]],PRIMEM[&amp;quot;Greenwich&amp;quot;,0.0],UNIT[&amp;quot;Degree&amp;quot;,0.0174532925199433]]&lt;/WKT&gt;&lt;XOrigin&gt;-400&lt;/XOrigin&gt;&lt;YOrigin&gt;-400&lt;/YOrigin&gt;&lt;XYScale&gt;11258999068426.238&lt;/XYScale&gt;&lt;ZOrigin&gt;-100000&lt;/ZOrigin&gt;&lt;ZScale&gt;10000&lt;/ZScale&gt;&lt;MOrigin&gt;-100000&lt;/MOrigin&gt;&lt;MScale&gt;10000&lt;/MScale&gt;&lt;XYTolerance&gt;8.9831528411952133e-009&lt;/XYTolerance&gt;&lt;ZTolerance&gt;0.001&lt;/ZTolerance&gt;&lt;MTolerance&gt;0.001&lt;/MTolerance&gt;&lt;HighPrecision&gt;true&lt;/HighPrecision&gt;&lt;LeftLongitude&gt;-180&lt;/LeftLongitude&gt;&lt;/GeographicCoordinateSystem&gt;</peXml></coordRef><lineage><Process ToolSource="c:\program files (x86)\arcgis\desktop10.1\ArcToolbox\Toolboxes\Analysis Tools.tbx\SpatialJoin" Date="20160403" Time="144323">SpatialJoin 20_GBR_Whole_Features2 AU_Boundary_AMB_EEZ_TS_2014 C:\Users\elawrey\Documents\2016\GIS\TS_eAtlas_Islands-reefs_2014_Incomplete\TS_Marine-features\public\TS_AIMS_NESP_Torres_Strait_Features_V1a_with_GBR_Features.shp JOIN_ONE_TO_ONE KEEP_ALL "TARGET_FID "TARGET_FID" true true false 9 Long 0 9 ,First,#,C:\Users\elawrey\Documents\2016\GIS\TS_eAtlas_Islands-reefs_2014_Incomplete\TS_Marine-features\public\TS_AIMS_NESP_Torres_Strait_Features_V1_with_GBR_Features.shp,TARGET_FID,-1,-1;DATASET "DATASET" true true false 254 Text 0 0 ,First,#,C:\Users\elawrey\Documents\2016\GIS\TS_eAtlas_Islands-reefs_2014_Incomplete\TS_Marine-features\public\TS_AIMS_NESP_Torres_Strait_Features_V1_with_GBR_Features.shp,DATASET,-1,-1;LOC_NAME_S "LOC_NAME_S" true true false 254 Text 0 0 ,First,#,C:\Users\elawrey\Documents\2016\GIS\TS_eAtlas_Islands-reefs_2014_Incomplete\TS_Marine-features\public\TS_AIMS_NESP_Torres_Strait_Features_V1_with_GBR_Features.shp,LOC_NAME_S,-1,-1;GBR_NAME "GBR_NAME" true true false 254 Text 0 0 ,First,#,C:\Users\elawrey\Documents\2016\GIS\TS_eAtlas_Islands-reefs_2014_Incomplete\TS_Marine-features\public\TS_AIMS_NESP_Torres_Strait_Features_V1_with_GBR_Features.shp,GBR_NAME,-1,-1;CHART_NAME "CHART_NAME" true true false 254 Text 0 0 ,First,#,C:\Users\elawrey\Documents\2016\GIS\TS_eAtlas_Islands-reefs_2014_Incomplete\TS_Marine-features\public\TS_AIMS_NESP_Torres_Strait_Features_V1_with_GBR_Features.shp,CHART_NAME,-1,-1;TRAD_NAME "TRAD_NAME" true true false 254 Text 0 0 ,First,#,C:\Users\elawrey\Documents\2016\GIS\TS_eAtlas_Islands-reefs_2014_Incomplete\TS_Marine-features\public\TS_AIMS_NESP_Torres_Strait_Features_V1_with_GBR_Features.shp,TRAD_NAME,-1,-1;UN_FEATURE "UN_FEATURE" true true false 254 Text 0 0 ,First,#,C:\Users\elawrey\Documents\2016\GIS\TS_eAtlas_Islands-reefs_2014_Incomplete\TS_Marine-features\public\TS_AIMS_NESP_Torres_Strait_Features_V1_with_GBR_Features.shp,UN_FEATURE,-1,-1;LABEL_ID "LABEL_ID" true true false 254 Text 0 0 ,First,#,C:\Users\elawrey\Documents\2016\GIS\TS_eAtlas_Islands-reefs_2014_Incomplete\TS_Marine-features\public\TS_AIMS_NESP_Torres_Strait_Features_V1_with_GBR_Features.shp,LABEL_ID,-1,-1;SORT_GBR_I "SORT_GBR_I" true true false 10 Double 0 10 ,First,#,C:\Users\elawrey\Documents\2016\GIS\TS_eAtlas_Islands-reefs_2014_Incomplete\TS_Marine-features\public\TS_AIMS_NESP_Torres_Strait_Features_V1_with_GBR_Features.shp,SORT_GBR_I,-1,-1;FEAT_NAME "FEAT_NAME" true true false 254 Text 0 0 ,First,#,C:\Users\elawrey\Documents\2016\GIS\TS_eAtlas_Islands-reefs_2014_Incomplete\TS_Marine-features\public\TS_AIMS_NESP_Torres_Strait_Features_V1_with_GBR_Features.shp,FEAT_NAME,-1,-1;LEVEL_1 "LEVEL_1" true true false 254 Text 0 0 ,First,#,C:\Users\elawrey\Documents\2016\GIS\TS_eAtlas_Islands-reefs_2014_Incomplete\TS_Marine-features\public\TS_AIMS_NESP_Torres_Strait_Features_V1_with_GBR_Features.shp,LEVEL_1,-1,-1;LEVEL_2 "LEVEL_2" true true false 254 Text 0 0 ,First,#,C:\Users\elawrey\Documents\2016\GIS\TS_eAtlas_Islands-reefs_2014_Incomplete\TS_Marine-features\public\TS_AIMS_NESP_Torres_Strait_Features_V1_with_GBR_Features.shp,LEVEL_2,-1,-1;LEVEL_3 "LEVEL_3" true true false 254 Text 0 0 ,First,#,C:\Users\elawrey\Documents\2016\GIS\TS_eAtlas_Islands-reefs_2014_Incomplete\TS_Marine-features\public\TS_AIMS_NESP_Torres_Strait_Features_V1_with_GBR_Features.shp,LEVEL_3,-1,-1;CLASS_CONF "CLASS_CONF" true true false 254 Text 0 0 ,First,#,C:\Users\elawrey\Documents\2016\GIS\TS_eAtlas_Islands-reefs_2014_Incomplete\TS_Marine-features\public\TS_AIMS_NESP_Torres_Strait_Features_V1_with_GBR_Features.shp,CLASS_CONF,-1,-1;CLASS_SRC "CLASS_SRC" true true false 254 Text 0 0 ,First,#,C:\Users\elawrey\Documents\2016\GIS\TS_eAtlas_Islands-reefs_2014_Incomplete\TS_Marine-features\public\TS_AIMS_NESP_Torres_Strait_Features_V1_with_GBR_Features.shp,CLASS_SRC,-1,-1;POLY_ORIG "POLY_ORIG" true true false 254 Text 0 0 ,First,#,C:\Users\elawrey\Documents\2016\GIS\TS_eAtlas_Islands-reefs_2014_Incomplete\TS_Marine-features\public\TS_AIMS_NESP_Torres_Strait_Features_V1_with_GBR_Features.shp,POLY_ORIG,-1,-1;IMG_SRC "IMG_SRC" true true false 254 Text 0 0 ,First,#,C:\Users\elawrey\Documents\2016\GIS\TS_eAtlas_Islands-reefs_2014_Incomplete\TS_Marine-features\public\TS_AIMS_NESP_Torres_Strait_Features_V1_with_GBR_Features.shp,IMG_SRC,-1,-1;SUB_NO "SUB_NO" true true false 10 Double 0 10 ,First,#,C:\Users\elawrey\Documents\2016\GIS\TS_eAtlas_Islands-reefs_2014_Incomplete\TS_Marine-features\public\TS_AIMS_NESP_Torres_Strait_Features_V1_with_GBR_Features.shp,SUB_NO,-1,-1;CODE "CODE" true true false 254 Text 0 0 ,First,#,C:\Users\elawrey\Documents\2016\GIS\TS_eAtlas_Islands-reefs_2014_Incomplete\TS_Marine-features\public\TS_AIMS_NESP_Torres_Strait_Features_V1_with_GBR_Features.shp,CODE,-1,-1;UNIQUE_ID "UNIQUE_ID" true true false 24 Double 15 23 ,First,#,C:\Users\elawrey\Documents\2016\GIS\TS_eAtlas_Islands-reefs_2014_Incomplete\TS_Marine-features\public\TS_AIMS_NESP_Torres_Strait_Features_V1_with_GBR_Features.shp,UNIQUE_ID,-1,-1;FEATURE_C "FEATURE_C" true true false 10 Double 0 10 ,First,#,C:\Users\elawrey\Documents\2016\GIS\TS_eAtlas_Islands-reefs_2014_Incomplete\TS_Marine-features\public\TS_AIMS_NESP_Torres_Strait_Features_V1_with_GBR_Features.shp,FEATURE_C,-1,-1;QLD_NAME "QLD_NAME" true true false 254 Text 0 0 ,First,#,C:\Users\elawrey\Documents\2016\GIS\TS_eAtlas_Islands-reefs_2014_Incomplete\TS_Marine-features\public\TS_AIMS_NESP_Torres_Strait_Features_V1_with_GBR_Features.shp,QLD_NAME,-1,-1;X_LABEL "X_LABEL" true true false 254 Text 0 0 ,First,#,C:\Users\elawrey\Documents\2016\GIS\TS_eAtlas_Islands-reefs_2014_Incomplete\TS_Marine-features\public\TS_AIMS_NESP_Torres_Strait_Features_V1_with_GBR_Features.shp,X_LABEL,-1,-1;GBR_ID "GBR_ID" true true false 254 Text 0 0 ,First,#,C:\Users\elawrey\Documents\2016\GIS\TS_eAtlas_Islands-reefs_2014_Incomplete\TS_Marine-features\public\TS_AIMS_NESP_Torres_Strait_Features_V1_with_GBR_Features.shp,GBR_ID,-1,-1;LOC_NAME_L "LOC_NAME_L" true true false 254 Text 0 0 ,First,#,C:\Users\elawrey\Documents\2016\GIS\TS_eAtlas_Islands-reefs_2014_Incomplete\TS_Marine-features\public\TS_AIMS_NESP_Torres_Strait_Features_V1_with_GBR_Features.shp,LOC_NAME_L,-1,-1;X_COORD "X_COORD" true true false 24 Double 15 23 ,First,#,C:\Users\elawrey\Documents\2016\GIS\TS_eAtlas_Islands-reefs_2014_Incomplete\TS_Marine-features\public\TS_AIMS_NESP_Torres_Strait_Features_V1_with_GBR_Features.shp,X_COORD,-1,-1;Y_COORD "Y_COORD" true true false 24 Double 15 23 ,First,#,C:\Users\elawrey\Documents\2016\GIS\TS_eAtlas_Islands-reefs_2014_Incomplete\TS_Marine-features\public\TS_AIMS_NESP_Torres_Strait_Features_V1_with_GBR_Features.shp,Y_COORD,-1,-1;SHAPE_AREA "SHAPE_AREA" true true false 24 Double 15 23 ,First,#,C:\Users\elawrey\Documents\2016\GIS\TS_eAtlas_Islands-reefs_2014_Incomplete\TS_Marine-features\public\TS_AIMS_NESP_Torres_Strait_Features_V1_with_GBR_Features.shp,SHAPE_AREA,-1,-1;SHAPE_LEN "SHAPE_LEN" true true false 24 Double 15 23 ,First,#,C:\Users\elawrey\Documents\2016\GIS\TS_eAtlas_Islands-reefs_2014_Incomplete\TS_Marine-features\public\TS_AIMS_NESP_Torres_Strait_Features_V1_with_GBR_Features.shp,SHAPE_LEN,-1,-1;Checked "Checked" true true false 254 Text 0 0 ,First,#,C:\Users\elawrey\Documents\2016\GIS\TS_eAtlas_Islands-reefs_2014_Incomplete\TS_Marine-features\public\TS_AIMS_NESP_Torres_Strait_Features_V1_with_GBR_Features.shp,Checked,-1,-1;RegionID "RegionID" true true false 10 Double 0 10 ,First,#,C:\Users\elawrey\Documents\2016\GIS\TS_eAtlas_Islands-reefs_2014_Incomplete\TS_Marine-features\public\TS_AIMS_NESP_Torres_Strait_Features_V1_with_GBR_Features.shp,RegionID,-1,-1;LatitudeID "LatitudeID" true true false 10 Double 0 10 ,First,#,C:\Users\elawrey\Documents\2016\GIS\TS_eAtlas_Islands-reefs_2014_Incomplete\TS_Marine-features\public\TS_AIMS_NESP_Torres_Strait_Features_V1_with_GBR_Features.shp,LatitudeID,-1,-1;GroupID "GroupID" true true false 10 Double 0 10 ,First,#,C:\Users\elawrey\Documents\2016\GIS\TS_eAtlas_Islands-reefs_2014_Incomplete\TS_Marine-features\public\TS_AIMS_NESP_Torres_Strait_Features_V1_with_GBR_Features.shp,GroupID,-1,-1;GROUP_LB "GROUP_LB" true true false 5 Text 0 0 ,First,#,C:\Users\elawrey\Documents\2016\GIS\TS_eAtlas_Islands-reefs_2014_Incomplete\TS_Marine-features\public\TS_AIMS_NESP_Torres_Strait_Features_V1_with_GBR_Features.shp,GROUP_LB,-1,-1;Country "Country" true true false 30 Text 0 0 ,First,#,C:\Users\elawrey\Documents\2016\GIS\TS_eAtlas_Islands-reefs_2014_Incomplete\TS_Marine-features\working\AU_Boundary_AMB_EEZ_TS_2006.shp,Country,-1,-1" HAVE_THEIR_CENTER_IN # #</Process><Process ToolSource="c:\program files (x86)\arcgis\desktop10.1\ArcToolbox\Toolboxes\Conversion Tools.tbx\FeatureClassToFeatureClass" Date="20160418" Time="204926">FeatureClassToFeatureClass 20_GBR_Whole_Features2 C:\Users\elawrey\Documents\2016\GIS\TS_eAtlas_Islands-reefs_2014_Incomplete\TS_Marine-features\public TS_AIMS_NESP_Torres_Strait_Features_V1b_with_GBR_Features.shp # "TARGET_FID "TARGET_FID" true true false 9 Long 0 9 ,First,#,C:\Users\elawrey\Documents\2016\GIS\TS_eAtlas_Islands-reefs_2014_Incomplete\TS_Marine-features\public\TS_AIMS_NESP_Torres_Strait_Features_V1a_with_GBR_Features.shp,TARGET_FID,-1,-1;DATASET "DATASET" true true false 15 Text 0 0 ,First,#,C:\Users\elawrey\Documents\2016\GIS\TS_eAtlas_Islands-reefs_2014_Incomplete\TS_Marine-features\public\TS_AIMS_NESP_Torres_Strait_Features_V1a_with_GBR_Features.shp,DATASET,-1,-1;LOC_NAME_S "LOC_NAME_S" true true false 60 Text 0 0 ,First,#,C:\Users\elawrey\Documents\2016\GIS\TS_eAtlas_Islands-reefs_2014_Incomplete\TS_Marine-features\public\TS_AIMS_NESP_Torres_Strait_Features_V1a_with_GBR_Features.shp,LOC_NAME_S,-1,-1;GBR_NAME "GBR_NAME" true true false 55 Text 0 0 ,First,#,C:\Users\elawrey\Documents\2016\GIS\TS_eAtlas_Islands-reefs_2014_Incomplete\TS_Marine-features\public\TS_AIMS_NESP_Torres_Strait_Features_V1a_with_GBR_Features.shp,GBR_NAME,-1,-1;CHART_NAME "CHART_NAME" true true false 55 Text 0 0 ,First,#,C:\Users\elawrey\Documents\2016\GIS\TS_eAtlas_Islands-reefs_2014_Incomplete\TS_Marine-features\public\TS_AIMS_NESP_Torres_Strait_Features_V1a_with_GBR_Features.shp,CHART_NAME,-1,-1;TRAD_NAME "TRAD_NAME" true true false 55 Text 0 0 ,First,#,C:\Users\elawrey\Documents\2016\GIS\TS_eAtlas_Islands-reefs_2014_Incomplete\TS_Marine-features\public\TS_AIMS_NESP_Torres_Strait_Features_V1a_with_GBR_Features.shp,TRAD_NAME,-1,-1;UN_FEATURE "UN_FEATURE" true true false 5 Text 0 0 ,First,#,C:\Users\elawrey\Documents\2016\GIS\TS_eAtlas_Islands-reefs_2014_Incomplete\TS_Marine-features\public\TS_AIMS_NESP_Torres_Strait_Features_V1a_with_GBR_Features.shp,UN_FEATURE,-1,-1;LABEL_ID "LABEL_ID" true true false 10 Text 0 0 ,First,#,C:\Users\elawrey\Documents\2016\GIS\TS_eAtlas_Islands-reefs_2014_Incomplete\TS_Marine-features\public\TS_AIMS_NESP_Torres_Strait_Features_V1a_with_GBR_Features.shp,LABEL_ID,-1,-1;SORT_GBR_I "SORT_GBR_I" true true false 10 Double 0 10 ,First,#,C:\Users\elawrey\Documents\2016\GIS\TS_eAtlas_Islands-reefs_2014_Incomplete\TS_Marine-features\public\TS_AIMS_NESP_Torres_Strait_Features_V1a_with_GBR_Features.shp,SORT_GBR_I,-1,-1;FEAT_NAME "FEAT_NAME" true true false 25 Text 0 0 ,First,#,C:\Users\elawrey\Documents\2016\GIS\TS_eAtlas_Islands-reefs_2014_Incomplete\TS_Marine-features\public\TS_AIMS_NESP_Torres_Strait_Features_V1a_with_GBR_Features.shp,FEAT_NAME,-1,-1;LEVEL_1 "LEVEL_1" true true false 25 Text 0 0 ,First,#,C:\Users\elawrey\Documents\2016\GIS\TS_eAtlas_Islands-reefs_2014_Incomplete\TS_Marine-features\public\TS_AIMS_NESP_Torres_Strait_Features_V1a_with_GBR_Features.shp,LEVEL_1,-1,-1;LEVEL_2 "LEVEL_2" true true false 25 Text 0 0 ,First,#,C:\Users\elawrey\Documents\2016\GIS\TS_eAtlas_Islands-reefs_2014_Incomplete\TS_Marine-features\public\TS_AIMS_NESP_Torres_Strait_Features_V1a_with_GBR_Features.shp,LEVEL_2,-1,-1;LEVEL_3 "LEVEL_3" true true false 25 Text 0 0 ,First,#,C:\Users\elawrey\Documents\2016\GIS\TS_eAtlas_Islands-reefs_2014_Incomplete\TS_Marine-features\public\TS_AIMS_NESP_Torres_Strait_Features_V1a_with_GBR_Features.shp,LEVEL_3,-1,-1;CLASS_CONF "CLASS_CONF" true true false 10 Text 0 0 ,First,#,C:\Users\elawrey\Documents\2016\GIS\TS_eAtlas_Islands-reefs_2014_Incomplete\TS_Marine-features\public\TS_AIMS_NESP_Torres_Strait_Features_V1a_with_GBR_Features.shp,CLASS_CONF,-1,-1;CLASS_SRC "CLASS_SRC" true true false 25 Text 0 0 ,First,#,C:\Users\elawrey\Documents\2016\GIS\TS_eAtlas_Islands-reefs_2014_Incomplete\TS_Marine-features\public\TS_AIMS_NESP_Torres_Strait_Features_V1a_with_GBR_Features.shp,CLASS_SRC,-1,-1;POLY_ORIG "POLY_ORIG" true true false 25 Text 0 0 ,First,#,C:\Users\elawrey\Documents\2016\GIS\TS_eAtlas_Islands-reefs_2014_Incomplete\TS_Marine-features\public\TS_AIMS_NESP_Torres_Strait_Features_V1a_with_GBR_Features.shp,POLY_ORIG,-1,-1;IMG_SRC "IMG_SRC" true true false 25 Text 0 0 ,First,#,C:\Users\elawrey\Documents\2016\GIS\TS_eAtlas_Islands-reefs_2014_Incomplete\TS_Marine-features\public\TS_AIMS_NESP_Torres_Strait_Features_V1a_with_GBR_Features.shp,IMG_SRC,-1,-1;SUB_NO "SUB_NO" true true false 10 Double 0 10 ,First,#,C:\Users\elawrey\Documents\2016\GIS\TS_eAtlas_Islands-reefs_2014_Incomplete\TS_Marine-features\public\TS_AIMS_NESP_Torres_Strait_Features_V1a_with_GBR_Features.shp,SUB_NO,-1,-1;CODE "CODE" true true false 20 Text 0 0 ,First,#,C:\Users\elawrey\Documents\2016\GIS\TS_eAtlas_Islands-reefs_2014_Incomplete\TS_Marine-features\public\TS_AIMS_NESP_Torres_Strait_Features_V1a_with_GBR_Features.shp,CODE,-1,-1;UNIQUE_ID "UNIQUE_ID" true true false 19 Double 15 18 ,First,#,C:\Users\elawrey\Documents\2016\GIS\TS_eAtlas_Islands-reefs_2014_Incomplete\TS_Marine-features\public\TS_AIMS_NESP_Torres_Strait_Features_V1a_with_GBR_Features.shp,UNIQUE_ID,-1,-1;FEATURE_C "FEATURE_C" true true false 10 Double 0 10 ,First,#,C:\Users\elawrey\Documents\2016\GIS\TS_eAtlas_Islands-reefs_2014_Incomplete\TS_Marine-features\public\TS_AIMS_NESP_Torres_Strait_Features_V1a_with_GBR_Features.shp,FEATURE_C,-1,-1;QLD_NAME "QLD_NAME" true true false 55 Text 0 0 ,First,#,C:\Users\elawrey\Documents\2016\GIS\TS_eAtlas_Islands-reefs_2014_Incomplete\TS_Marine-features\public\TS_AIMS_NESP_Torres_Strait_Features_V1a_with_GBR_Features.shp,QLD_NAME,-1,-1;X_LABEL "X_LABEL" true true false 55 Text 0 0 ,First,#,C:\Users\elawrey\Documents\2016\GIS\TS_eAtlas_Islands-reefs_2014_Incomplete\TS_Marine-features\public\TS_AIMS_NESP_Torres_Strait_Features_V1a_with_GBR_Features.shp,X_LABEL,-1,-1;GBR_ID "GBR_ID" true true false 30 Text 0 0 ,First,#,C:\Users\elawrey\Documents\2016\GIS\TS_eAtlas_Islands-reefs_2014_Incomplete\TS_Marine-features\public\TS_AIMS_NESP_Torres_Strait_Features_V1a_with_GBR_Features.shp,GBR_ID,-1,-1;LOC_NAME_L "LOC_NAME_L" true true false 60 Text 0 0 ,First,#,C:\Users\elawrey\Documents\2016\GIS\TS_eAtlas_Islands-reefs_2014_Incomplete\TS_Marine-features\public\TS_AIMS_NESP_Torres_Strait_Features_V1a_with_GBR_Features.shp,LOC_NAME_L,-1,-1;X_COORD "X_COORD" true true false 19 Double 15 18 ,First,#,C:\Users\elawrey\Documents\2016\GIS\TS_eAtlas_Islands-reefs_2014_Incomplete\TS_Marine-features\public\TS_AIMS_NESP_Torres_Strait_Features_V1a_with_GBR_Features.shp,X_COORD,-1,-1;Y_COORD "Y_COORD" true true false 19 Double 15 18 ,First,#,C:\Users\elawrey\Documents\2016\GIS\TS_eAtlas_Islands-reefs_2014_Incomplete\TS_Marine-features\public\TS_AIMS_NESP_Torres_Strait_Features_V1a_with_GBR_Features.shp,Y_COORD,-1,-1;SHAPE_AREA "SHAPE_AREA" true true false 19 Double 15 18 ,First,#,C:\Users\elawrey\Documents\2016\GIS\TS_eAtlas_Islands-reefs_2014_Incomplete\TS_Marine-features\public\TS_AIMS_NESP_Torres_Strait_Features_V1a_with_GBR_Features.shp,SHAPE_AREA,-1,-1;SHAPE_LEN "SHAPE_LEN" true true false 19 Double 15 18 ,First,#,C:\Users\elawrey\Documents\2016\GIS\TS_eAtlas_Islands-reefs_2014_Incomplete\TS_Marine-features\public\TS_AIMS_NESP_Torres_Strait_Features_V1a_with_GBR_Features.shp,SHAPE_LEN,-1,-1;Checked "Checked" true true false 5 Text 0 0 ,First,#,C:\Users\elawrey\Documents\2016\GIS\TS_eAtlas_Islands-reefs_2014_Incomplete\TS_Marine-features\public\TS_AIMS_NESP_Torres_Strait_Features_V1a_with_GBR_Features.shp,Checked,-1,-1;RegionID "RegionID" true true false 10 Double 0 10 ,First,#,C:\Users\elawrey\Documents\2016\GIS\TS_eAtlas_Islands-reefs_2014_Incomplete\TS_Marine-features\public\TS_AIMS_NESP_Torres_Strait_Features_V1a_with_GBR_Features.shp,RegionID,-1,-1;LatitudeID "LatitudeID" true true false 10 Double 0 10 ,First,#,C:\Users\elawrey\Documents\2016\GIS\TS_eAtlas_Islands-reefs_2014_Incomplete\TS_Marine-features\public\TS_AIMS_NESP_Torres_Strait_Features_V1a_with_GBR_Features.shp,LatitudeID,-1,-1;GroupID "GroupID" true true false 10 Double 0 10 ,First,#,C:\Users\elawrey\Documents\2016\GIS\TS_eAtlas_Islands-reefs_2014_Incomplete\TS_Marine-features\public\TS_AIMS_NESP_Torres_Strait_Features_V1a_with_GBR_Features.shp,GroupID,-1,-1;PriorityLb "GROUP_LB" true true false 5 Text 0 0 ,First,#,C:\Users\elawrey\Documents\2016\GIS\TS_eAtlas_Islands-reefs_2014_Incomplete\TS_Marine-features\public\TS_AIMS_NESP_Torres_Strait_Features_V1a_with_GBR_Features.shp,GROUP_LB,-1,-1;Country "Country" true true false 30 Text 0 0 ,First,#,C:\Users\elawrey\Documents\2016\GIS\TS_eAtlas_Islands-reefs_2014_Incomplete\TS_Marine-features\public\TS_AIMS_NESP_Torres_Strait_Features_V1a_with_GBR_Features.shp,Country,-1,-1" #</Process></lineage></DataProperties><SyncDate>20160418</SyncDate><SyncTime>20491200</SyncTime><ModDate>20160418</ModDate><ModTime>20491200</ModTime></Esri><dataIdInfo><envirDesc Sync="TRUE">Microsoft Windows 7 Version 6.1 (Build 7601) Service Pack 1; Esri ArcGIS 10.1.0.3035</envirDesc><dataLang><languageCode value="eng" Sync="TRUE"></languageCode><countryCode value="AUS" Sync="TRUE"></countryCode></dataLang><idCitation><resTitle Sync="TRUE">TS_AIMS_NESP_Torres_Strait_Features_V1b_with_GBR_Features</resTitle><presForm><PresFormCd value="005" Sync="TRUE"></PresFormCd></presForm></idCitation><spatRpType><SpatRepTypCd value="001" Sync="TRUE"></SpatRepTypCd></spatRpType></dataIdInfo><mdLang><languageCode value="eng" Sync="TRUE"></languageCode><countryCode value="AUS" Sync="TRUE"></countryCode></mdLang><mdChar><CharSetCd value="004" Sync="TRUE"></CharSetCd></mdChar><distInfo><distFormat><formatName Sync="TRUE">Shapefile</formatName></distFormat><distTranOps><transSize Sync="TRUE">0.000</transSize></distTranOps></distInfo><mdHrLv><ScopeCd value="005" Sync="TRUE"></ScopeCd></mdHrLv><mdHrLvName Sync="TRUE">dataset</mdHrLvName><refSysInfo><RefSystem><refSysID><identCode code="0" Sync="TRUE" value="0"></identCode></refSysID></RefSystem></refSysInfo><spatRepInfo><VectSpatRep><geometObjs Name="TS_AIMS_NESP_Torres_Strait_Features_V1b_with_GBR_Features"><geoObjTyp><GeoObjTypCd value="002" Sync="TRUE"></GeoObjTypCd></geoObjTyp><geoObjCnt Sync="TRUE">0</geoObjCnt></geometObjs><topLvl><TopoLevCd value="001" Sync="TRUE"></TopoLevCd></topLvl></VectSpatRep></spatRepInfo><spdoinfo><ptvctinf><esriterm Name="TS_AIMS_NESP_Torres_Strait_Features_V1b_with_GBR_Features"><efeatyp Sync="TRUE">Simple</efeatyp><efeageom code="4" Sync="TRUE"></efeageom><esritopo Sync="TRUE">FALSE</esritopo><efeacnt Sync="TRUE">0</efeacnt><spindex Sync="TRUE">FALSE</spindex><linrefer Sync="TRUE">FALSE</linrefer></esriterm></ptvctinf></spdoinfo><eainfo><detailed Name="TS_AIMS_NESP_Torres_Strait_Features_V1b_with_GBR_Features"><enttyp><enttypl Sync="TRUE">TS_AIMS_NESP_Torres_Strait_Features_V1b_with_GBR_Features</enttypl><enttypt Sync="TRUE">Feature Class</enttypt><enttypc Sync="TRUE">0</enttypc></enttyp><attr><attrlabl Sync="TRUE">FID</attrlabl><attalias Sync="TRUE">FID</attalias><attrtype Sync="TRUE">OID</attrtype><attwidth Sync="TRUE">4</attwidth><atprecis Sync="TRUE">0</atprecis><attscale Sync="TRUE">0</attscale><attrdef Sync="TRUE">Internal feature number.</attrdef><attrdefs Sync="TRUE">Esri</attrdefs><attrdomv><udom Sync="TRUE">Sequential unique whole numbers that are automatically generated.</udom></attrdomv></attr><attr><attrlabl Sync="TRUE">Shape</attrlabl><attalias Sync="TRUE">Shape</attalias><attrtype Sync="TRUE">Geometry</attrtype><attwidth Sync="TRUE">0</attwidth><atprecis Sync="TRUE">0</atprecis><attscale Sync="TRUE">0</attscale><attrdef Sync="TRUE">Feature geometry.</attrdef><attrdefs Sync="TRUE">Esri</attrdefs><attrdomv><udom Sync="TRUE">Coordinates defining the features.</udom></attrdomv></attr><attr><attrlabl Sync="TRUE">TARGET_FID</attrlabl><attalias Sync="TRUE">TARGET_FID</attalias><attrtype Sync="TRUE">Integer</attrtype><attwidth Sync="TRUE">9</attwidth><atprecis Sync="TRUE">9</atprecis><attscale Sync="TRUE">0</attscale></attr><attr><attrlabl Sync="TRUE">DATASET</attrlabl><attalias Sync="TRUE">DATASET</attalias><attrtype Sync="TRUE">String</attrtype><attwidth Sync="TRUE">15</attwidth><atprecis Sync="TRUE">0</atprecis><attscale Sync="TRUE">0</attscale></attr><attr><attrlabl Sync="TRUE">LOC_NAME_S</attrlabl><attalias Sync="TRUE">LOC_NAME_S</attalias><attrtype Sync="TRUE">String</attrtype><attwidth Sync="TRUE">60</attwidth><atprecis Sync="TRUE">0</atprecis><attscale Sync="TRUE">0</attscale></attr><attr><attrlabl Sync="TRUE">GBR_NAME</attrlabl><attalias Sync="TRUE">GBR_NAME</attalias><attrtype Sync="TRUE">String</attrtype><attwidth Sync="TRUE">55</attwidth><atprecis Sync="TRUE">0</atprecis><attscale Sync="TRUE">0</attscale></attr><attr><attrlabl Sync="TRUE">CHART_NAME</attrlabl><attalias Sync="TRUE">CHART_NAME</attalias><attrtype Sync="TRUE">String</attrtype><attwidth Sync="TRUE">55</attwidth><atprecis Sync="TRUE">0</atprecis><attscale Sync="TRUE">0</attscale></attr><attr><attrlabl Sync="TRUE">TRAD_NAME</attrlabl><attalias Sync="TRUE">TRAD_NAME</attalias><attrtype Sync="TRUE">String</attrtype><attwidth Sync="TRUE">55</attwidth><atprecis Sync="TRUE">0</atprecis><attscale Sync="TRUE">0</attscale></attr><attr><attrlabl Sync="TRUE">UN_FEATURE</attrlabl><attalias Sync="TRUE">UN_FEATURE</attalias><attrtype Sync="TRUE">String</attrtype><attwidth Sync="TRUE">5</attwidth><atprecis Sync="TRUE">0</atprecis><attscale Sync="TRUE">0</attscale></attr><attr><attrlabl Sync="TRUE">LABEL_ID</attrlabl><attalias Sync="TRUE">LABEL_ID</attalias><attrtype Sync="TRUE">String</attrtype><attwidth Sync="TRUE">10</attwidth><atprecis Sync="TRUE">0</atprecis><attscale Sync="TRUE">0</attscale></attr><attr><attrlabl Sync="TRUE">SORT_GBR_I</attrlabl><attalias Sync="TRUE">SORT_GBR_I</attalias><attrtype Sync="TRUE">Double</attrtype><attwidth Sync="TRUE">10</attwidth><atprecis Sync="TRUE">10</atprecis><attscale Sync="TRUE">0</attscale></attr><attr><attrlabl Sync="TRUE">FEAT_NAME</attrlabl><attalias Sync="TRUE">FEAT_NAME</attalias><attrtype Sync="TRUE">String</attrtype><attwidth Sync="TRUE">25</attwidth><atprecis Sync="TRUE">0</atprecis><attscale Sync="TRUE">0</attscale></attr><attr><attrlabl Sync="TRUE">LEVEL_1</attrlabl><attalias Sync="TRUE">LEVEL_1</attalias><attrtype Sync="TRUE">String</attrtype><attwidth Sync="TRUE">25</attwidth><atprecis Sync="TRUE">0</atprecis><attscale Sync="TRUE">0</attscale></attr><attr><attrlabl Sync="TRUE">LEVEL_2</attrlabl><attalias Sync="TRUE">LEVEL_2</attalias><attrtype Sync="TRUE">String</attrtype><attwidth Sync="TRUE">25</attwidth><atprecis Sync="TRUE">0</atprecis><attscale Sync="TRUE">0</attscale></attr><attr><attrlabl Sync="TRUE">LEVEL_3</attrlabl><attalias Sync="TRUE">LEVEL_3</attalias><attrtype Sync="TRUE">String</attrtype><attwidth Sync="TRUE">25</attwidth><atprecis Sync="TRUE">0</atprecis><attscale Sync="TRUE">0</attscale></attr><attr><attrlabl Sync="TRUE">CLASS_CONF</attrlabl><attalias Sync="TRUE">CLASS_CONF</attalias><attrtype Sync="TRUE">String</attrtype><attwidth Sync="TRUE">10</attwidth><atprecis Sync="TRUE">0</atprecis><attscale Sync="TRUE">0</attscale></attr><attr><attrlabl Sync="TRUE">CLASS_SRC</attrlabl><attalias Sync="TRUE">CLASS_SRC</attalias><attrtype Sync="TRUE">String</attrtype><attwidth Sync="TRUE">25</attwidth><atprecis Sync="TRUE">0</atprecis><attscale Sync="TRUE">0</attscale></attr><attr><attrlabl Sync="TRUE">POLY_ORIG</attrlabl><attalias Sync="TRUE">POLY_ORIG</attalias><attrtype Sync="TRUE">String</attrtype><attwidth Sync="TRUE">25</attwidth><atprecis Sync="TRUE">0</atprecis><attscale Sync="TRUE">0</attscale></attr><attr><attrlabl Sync="TRUE">IMG_SRC</attrlabl><attalias Sync="TRUE">IMG_SRC</attalias><attrtype Sync="TRUE">String</attrtype><attwidth Sync="TRUE">25</attwidth><atprecis Sync="TRUE">0</atprecis><attscale Sync="TRUE">0</attscale></attr><attr><attrlabl Sync="TRUE">SUB_NO</attrlabl><attalias Sync="TRUE">SUB_NO</attalias><attrtype Sync="TRUE">Double</attrtype><attwidth Sync="TRUE">10</attwidth><atprecis Sync="TRUE">10</atprecis><attscale Sync="TRUE">0</attscale></attr><attr><attrlabl Sync="TRUE">CODE</attrlabl><attalias Sync="TRUE">CODE</attalias><attrtype Sync="TRUE">String</attrtype><attwidth Sync="TRUE">20</attwidth><atprecis Sync="TRUE">0</atprecis><attscale Sync="TRUE">0</attscale></attr><attr><attrlabl Sync="TRUE">UNIQUE_ID</attrlabl><attalias Sync="TRUE">UNIQUE_ID</attalias><attrtype Sync="TRUE">Double</attrtype><attwidth Sync="TRUE">19</attwidth><atprecis Sync="TRUE">18</atprecis><attscale Sync="TRUE">15</attscale></attr><attr><attrlabl Sync="TRUE">FEATURE_C</attrlabl><attalias Sync="TRUE">FEATURE_C</attalias><attrtype Sync="TRUE">Double</attrtype><attwidth Sync="TRUE">10</attwidth><atprecis Sync="TRUE">10</atprecis><attscale Sync="TRUE">0</attscale></attr><attr><attrlabl Sync="TRUE">QLD_NAME</attrlabl><attalias Sync="TRUE">QLD_NAME</attalias><attrtype Sync="TRUE">String</attrtype><attwidth Sync="TRUE">55</attwidth><atprecis Sync="TRUE">0</atprecis><attscale Sync="TRUE">0</attscale></attr><attr><attrlabl Sync="TRUE">X_LABEL</attrlabl><attalias Sync="TRUE">X_LABEL</attalias><attrtype Sync="TRUE">String</attrtype><attwidth Sync="TRUE">55</attwidth><atprecis Sync="TRUE">0</atprecis><attscale Sync="TRUE">0</attscale></attr><attr><attrlabl Sync="TRUE">GBR_ID</attrlabl><attalias Sync="TRUE">GBR_ID</attalias><attrtype Sync="TRUE">String</attrtype><attwidth Sync="TRUE">30</attwidth><atprecis Sync="TRUE">0</atprecis><attscale Sync="TRUE">0</attscale></attr><attr><attrlabl Sync="TRUE">LOC_NAME_L</attrlabl><attalias Sync="TRUE">LOC_NAME_L</attalias><attrtype Sync="TRUE">String</attrtype><attwidth Sync="TRUE">60</attwidth><atprecis Sync="TRUE">0</atprecis><attscale Sync="TRUE">0</attscale></attr><attr><attrlabl Sync="TRUE">X_COORD</attrlabl><attalias Sync="TRUE">X_COORD</attalias><attrtype Sync="TRUE">Double</attrtype><attwidth Sync="TRUE">19</attwidth><atprecis Sync="TRUE">18</atprecis><attscale Sync="TRUE">15</attscale></attr><attr><attrlabl Sync="TRUE">Y_COORD</attrlabl><attalias Sync="TRUE">Y_COORD</attalias><attrtype Sync="TRUE">Double</attrtype><attwidth Sync="TRUE">19</attwidth><atprecis Sync="TRUE">18</atprecis><attscale Sync="TRUE">15</attscale></attr><attr><attrlabl Sync="TRUE">SHAPE_AREA</attrlabl><attalias Sync="TRUE">SHAPE_AREA</attalias><attrtype Sync="TRUE">Double</attrtype><attwidth Sync="TRUE">19</attwidth><atprecis Sync="TRUE">18</atprecis><attscale Sync="TRUE">15</attscale><attrdef Sync="TRUE">Area of feature in internal units squared.</attrdef><attrdefs Sync="TRUE">Esri</attrdefs><attrdomv><udom Sync="TRUE">Positive real numbers that are automatically generated.</udom></attrdomv></attr><attr><attrlabl Sync="TRUE">SHAPE_LEN</attrlabl><attalias Sync="TRUE">SHAPE_LEN</attalias><attrtype Sync="TRUE">Double</attrtype><attwidth Sync="TRUE">19</attwidth><atprecis Sync="TRUE">18</atprecis><attscale Sync="TRUE">15</attscale></attr><attr><attrlabl Sync="TRUE">Checked</attrlabl><attalias Sync="TRUE">Checked</attalias><attrtype Sync="TRUE">String</attrtype><attwidth Sync="TRUE">5</attwidth><atprecis Sync="TRUE">0</atprecis><attscale Sync="TRUE">0</attscale></attr><attr><attrlabl Sync="TRUE">RegionID</attrlabl><attalias Sync="TRUE">RegionID</attalias><attrtype Sync="TRUE">Double</attrtype><attwidth Sync="TRUE">10</attwidth><atprecis Sync="TRUE">10</atprecis><attscale Sync="TRUE">0</attscale></attr><attr><attrlabl Sync="TRUE">LatitudeID</attrlabl><attalias Sync="TRUE">LatitudeID</attalias><attrtype Sync="TRUE">Double</attrtype><attwidth Sync="TRUE">10</attwidth><atprecis Sync="TRUE">10</atprecis><attscale Sync="TRUE">0</attscale></attr><attr><attrlabl Sync="TRUE">GroupID</attrlabl><attalias Sync="TRUE">GroupID</attalias><attrtype Sync="TRUE">Double</attrtype><attwidth Sync="TRUE">10</attwidth><atprecis Sync="TRUE">10</atprecis><attscale Sync="TRUE">0</attscale></attr><attr><attrlabl Sync="TRUE">PriorityLb</attrlabl><attalias Sync="TRUE">PriorityLb</attalias><attrtype Sync="TRUE">String</attrtype><attwidth Sync="TRUE">5</attwidth><atprecis Sync="TRUE">0</atprecis><attscale Sync="TRUE">0</attscale></attr><attr><attrlabl Sync="TRUE">Country</attrlabl><attalias Sync="TRUE">Country</attalias><attrtype Sync="TRUE">String</attrtype><attwidth Sync="TRUE">30</attwidth><atprecis Sync="TRUE">0</atprecis><attscale Sync="TRUE">0</attscale></attr></detailed></eainfo><mdDateSt Sync="TRUE">20160418</mdDateSt></metadata>
